,Unnamed: 0,ID,Date,Site,Location,VWC,Temp,Conductivity,Soil.Porosity,Saturation,AirT,Rain,Precip,flux_N2O,r.squared.N2O,flux_CH4,r.squared.CH4,r.squared.CO2,flux_CO2,precip3
0,1,E1,2016-04-20,Wet Basin,Basin,85.06,9.5,2.09,0.73,,4.4,NoRain,0.0,-3.6988276315610804,0.00378857849465509,-22.757097026103896,0.0137141510929236,0.608705799345827,183595.128960731,0.0
1,2,E2,2016-04-20,Wet Basin,Basin,36.77,11.7,0.1,0.68,0.54,4.4,NoRain,0.0,-0.354986316472435,3.62710758293276e-05,-137.966453809025,0.6475399600870239,0.961277875566881,190433.497042802,0.0
2,3,E3,2016-04-20,Wet Basin,Basin,91.24,8.2,2.39,0.89,,4.4,NoRain,0.0,21.7205464656386,0.0736809087154841,21.8832484498181,0.25070164127359806,0.472880121084986,-10212.9237654924,0.0
3,4,E4,2016-04-20,Wet Basin,Reference,32.08,11.4,0.21,0.49,0.66,4.4,NoRain,0.0,20.6253808840797,0.0616495562572131,-51.6222357739279,0.346718609349643,0.358093873785758,126038.43874863199,0.0
4,5,E5,2016-04-20,Wet Basin,Reference,55.43,14.2,1.26,0.56,0.99,4.4,NoRain,0.0,-35.320212381354,0.13844570292601802,62.915548427999,0.293558668992206,0.9696405455419059,225931.524478432,0.0
5,6,O1,2016-04-20,Dry Basin,Basin,38.48,12.2,0.56,0.63,0.61,4.4,NoRain,0.0,69.1037723044589,0.7361771628761821,183.197728817038,0.691785755461275,0.8952528287460351,30417.6908471373,0.0
6,7,O2,2016-04-20,Dry Basin,Basin,30.0,12.2,0.03,0.6,0.5,4.4,NoRain,0.0,-36.4316595826558,0.326974030803568,8.871776207057302,0.00875272701934115,0.9105459867584521,162928.786018351,0.0
7,8,O3,2016-04-20,Dry Basin,Basin,30.16,18.2,0.2,0.54,0.56,4.4,NoRain,0.0,13.2335679194114,0.203553070332339,167.788472362969,0.454700475154169,0.0390030180513525,-20750.8022070288,0.0
8,9,O4,2016-04-20,Dry Basin,Reference,28.03,20.2,0.13,0.52,0.54,4.4,NoRain,0.0,81.3602114011641,0.669799520495904,262.691036944568,0.8042463635298431,0.9783143645836792,69693.9780251887,0.0
9,10,O5,2016-04-20,Dry Basin,Reference,26.54,17.0,0.16,0.53,0.5,4.4,NoRain,0.0,-7.481930615051461,0.0591265109839267,257.44871122716097,0.99753835969475,0.6563939794367281,285857.962235721,0.0
0,1,E1,2016-04-27,Wet Basin,Basin,78.9325,12.1,2.18,0.728864225,,5.0,YesRain,8.128,-53.2229130801381,0.592129232321164,42.34587490687721,0.36776774638012,0.142077159915751,-17704.3214560162,10.922
1,2,E2,2016-04-27,Wet Basin,Basin,41.7291,11.8,0.75,0.676936737,0.616440174,5.0,YesRain,8.128,-26.0328492956867,0.317455469107048,488.853597743309,0.49550834943114797,0.000625730062269357,-1280.10466935988,10.922
2,3,E3,2016-04-27,Wet Basin,Basin,34.8001,12.2,0.21,0.887976323,0.391903468,5.0,YesRain,8.128,6.76959898438692,0.041556221512113,-329.85452914857603,0.8305509122807659,0.9031903307725121,111193.642523133,10.922
3,4,E4,2016-04-27,Wet Basin,Reference,97.5342,11.3,3.4,0.48620051799999997,,5.0,YesRain,8.128,43.728959202201096,0.24970447796027304,359.516916332147,0.20313902849011603,0.374692088242617,-21794.5760347633,10.922
4,5,E5,2016-04-27,Wet Basin,Reference,59.478,13.7,1.1,0.562160562,,5.0,YesRain,8.128,-37.5329613203993,0.6864391933911669,32.0454765092027,0.0241243582845856,0.235993333019862,70629.7368659197,10.922
5,6,O1,2016-04-27,Dry Basin,Basin,40.0235,14.4,0.33,0.627598964,0.637724125,5.0,YesRain,8.128,47.86492236031421,0.711896522932129,-21.801347535873397,0.0320784874007454,0.326831326635991,138635.548564825,10.922
6,7,O2,2016-04-27,Dry Basin,Basin,38.2646,13.8,0.2,0.600147984,0.637586079,5.0,YesRain,8.128,59.1315498466543,0.374489409140644,-71.4880906662039,0.28285799813680895,0.39114739301815704,53670.253060692194,10.922
7,8,O3,2016-04-27,Dry Basin,Basin,36.7189,15.6,0.27,0.54036256,0.679523392,5.0,YesRain,8.128,32.7851584666421,0.491704458257336,199.61647211366298,0.922611722905875,0.955960592939832,180273.22724303897,10.922
8,9,O4,2016-04-27,Dry Basin,Reference,29.7899,14.9,0.16,0.5205771370000001,0.572247567,5.0,YesRain,8.128,14.8127222003185,0.389722913194452,41.1478811348036,0.0302691452527868,0.7778949264366349,101337.66764002801,10.922
9,10,O5,2016-04-27,Dry Basin,Reference,30.7493,15.7,0.08,0.527783944,0.582611509,5.0,YesRain,8.128,-18.176710694380102,0.265536866978245,37.3964718279552,0.7483137402681279,0.600964031134145,41146.9719945768,10.922
0,1,E1,2016-05-11,Wet Basin,Basin,83.36,10.2,2.04,0.73,,12.22222222,NoRain,0.0,0.98864728431244,0.000227957695870042,602.756134786222,0.931670132013472,0.9951514154651601,207240.837208552,0.0
1,2,E2,2016-05-11,Wet Basin,Basin,34.05,13.8,0.49,0.68,0.5,12.22222222,NoRain,0.0,-92.50626805483341,0.9879952607830709,-91.7574393141545,0.8164468213052729,0.184780601566178,-10492.990303395,0.0
2,3,E3,2016-05-11,Wet Basin,Basin,85.65,11.7,3.58,0.89,0.96,12.22222222,NoRain,0.0,-4.9926867975115,0.0247651238905982,97.56910463044642,0.548589669565024,0.240969326971355,134482.124200117,0.0
3,4,E4,2016-05-11,Wet Basin,Reference,32.51,14.1,0.23,0.49,0.67,12.22222222,NoRain,0.0,8.87352906043182,0.10767130280864999,89.48683772917549,0.162199318129683,0.3640077761002021,40253.263023577594,0.0
4,5,E5,2016-05-11,Wet Basin,Reference,56.97,16.4,0.81,0.56,,12.22222222,NoRain,0.0,17.5125398002681,0.0569735697251032,48.995177683438904,0.5899343378289621,0.716282098428966,151875.537910618,0.0
5,6,O1,2016-05-11,Dry Basin,Basin,37.52,15.4,0.34,0.63,0.6,12.22222222,NoRain,0.0,-17.6049142943053,0.213312273872121,186.412750627291,0.9704140273805649,0.95306905056655,397026.209705175,0.0
6,7,O2,2016-05-11,Dry Basin,Basin,35.97,16.2,0.16,0.6,0.6,12.22222222,NoRain,0.0,-11.158863800901,0.0341807171294356,35.4402524688874,0.213973779038172,0.384054959771222,172018.228190799,0.0
7,8,O3,2016-05-11,Dry Basin,Basin,33.04,18.5,0.22,0.54,0.61,12.22222222,NoRain,0.0,-33.060858472750304,0.197712608324702,-121.14210535592899,0.635836071846805,0.8094275285123199,298037.269255769,0.0
8,9,O4,2016-05-11,Dry Basin,Reference,27.5,18.6,0.19,0.52,0.53,12.22222222,NoRain,0.0,46.7950490206223,0.36587429201030897,5.22923497183101,0.0013692229203917199,0.9969653560650408,243865.66171657102,0.0
9,10,O5,2016-05-11,Dry Basin,Reference,28.83,18.0,0.23,0.53,0.55,12.22222222,NoRain,0.0,-9.65470242710746,0.0350597623919789,-26.527579271526605,0.111154424424237,0.634563428724825,171686.471614233,0.0
0,1,E1,2016-06-02,Wet Basin,Basin,69.5,20.1,1.03,0.73,0.95,19.72222222,YesRain,3.05,40.7641970734412,0.5468057466434411,12860.5859227581,0.9569762716172521,0.828627531440534,246667.16809455698,0.0
1,2,E2,2016-06-02,Wet Basin,Basin,33.84,20.2,0.21,0.68,0.5,19.72222222,YesRain,3.05,2.6291942342611496,0.0043938600865876705,-89.18372705803759,0.29052044418949796,0.8310592636679691,70982.627441977,0.0
2,3,E3,2016-06-02,Wet Basin,Basin,80.64,18.8,2.75,0.89,0.91,19.72222222,YesRain,3.05,-0.396118745880989,3.7488940264457797e-05,,0.975300237683001,0.585858226689575,-90728.5630991729,0.0
3,4,E4,2016-06-02,Wet Basin,Reference,23.82,20.4,0.07,0.49,0.49,19.72222222,YesRain,3.05,-12.9899769864234,0.0668688549810155,90.25033847332199,0.677527381184289,0.410596897633747,59832.3648985795,0.0
4,5,E5,2016-06-02,Wet Basin,Reference,49.08,23.1,1.01,0.56,0.87,19.72222222,YesRain,3.05,28.7744098839387,0.204773586501268,-72.96921035309741,0.867371573457513,0.816049380871507,188777.81238000302,0.0
5,6,O1,2016-06-02,Dry Basin,Basin,37.52,23.5,0.49,0.63,0.6,19.72222222,YesRain,3.05,3.8560822916494,0.0527189240896781,-383.529024038735,0.8536220029432421,0.0871831458156298,59291.53618523639,0.0
6,7,O2,2016-06-02,Dry Basin,Basin,30.0,23.1,0.18,0.6,0.5,19.72222222,YesRain,3.05,63.1719688145554,0.869659219971005,-439.015020721483,0.6418033621983891,0.521287149026429,129265.16158166301,0.0
7,8,O3,2016-06-02,Dry Basin,Basin,28.03,24.9,0.13,0.54,0.52,19.72222222,YesRain,3.05,38.182183621111996,0.31436276792753803,-188.592189832533,0.0674796502062291,0.5693000723964351,304375.526431986,0.0
8,9,O4,2016-06-02,Dry Basin,Reference,24.99,21.7,0.1,0.52,0.48,19.72222222,YesRain,3.05,24.395192160243102,0.31326446762911,-209.748313779652,0.7440722676788459,0.703804266008965,168388.55376175302,0.0
9,10,O5,2016-06-02,Dry Basin,Reference,23.82,22.5,0.06,0.53,0.45,19.72222222,YesRain,3.05,-6.94659886982903,0.0078323175146461,-143.088173104944,0.682153522642854,0.4626813483791479,232094.034138817,0.0
0,1,E1,2016-06-20,Wet Basin,Basin,60.2242,20.2,0.73,0.728864225,0.8262746059999999,22.5,NoRain,0.0,-38.754559872280296,0.636872620265957,1469.7422397919102,0.6230506064133641,0.740420601323379,158875.16856396198,0.0
1,2,E2,2016-06-20,Wet Basin,Basin,23.4472,20.9,0.02,0.676936737,0.346372101,22.5,NoRain,0.0,129.049231029552,0.8625208592737981,-141.640234901273,0.39409294049691496,0.40342709006053096,47389.866992222596,0.0
2,3,E3,2016-06-20,Wet Basin,Basin,75.6279,20.4,3.07,0.887976323,0.85168825,22.5,NoRain,0.0,14.014617538598001,0.11392664614150999,3789.7379482990204,0.828178359217308,0.9743959308241309,290806.754389471,0.0
3,4,E4,2016-06-20,Wet Basin,Reference,22.4878,22.2,0.06,0.48620051799999997,0.462521103,22.5,NoRain,0.0,8.062998321216769,0.238189636565604,-86.18613849156391,0.271454320281598,0.9848862481066031,186783.27255571602,0.0
4,5,E5,2016-06-20,Wet Basin,Reference,22.2746,25.4,0.12,0.562160562,0.39623199299999995,22.5,NoRain,0.0,10.7510778684421,0.35639002717732793,-128.396528651706,0.867339999038388,0.266872893725525,-11956.837660025902,0.0
5,6,O1,2016-06-20,Dry Basin,Basin,24.1934,27.2,0.07,0.627598964,0.385491395,22.5,NoRain,0.0,-7.195762042477241,0.0550342054993285,78.25157796720809,0.17094419460761998,0.6338609901380661,160654.726305683,0.0
6,7,O2,2016-06-20,Dry Basin,Basin,24.0335,27.1,0.03,0.600147984,0.400459564,22.5,NoRain,0.0,5.15919132980118,0.0358248637383266,20.1103610939622,0.890335589548826,0.734592913551268,155569.850319365,0.0
7,8,O3,2016-06-20,Dry Basin,Basin,20.9421,30.7,0.02,0.54036256,0.387556458,22.5,NoRain,0.0,-11.192190158323697,0.266611085268636,-126.12463109292601,0.526845559334149,0.538649081149997,131208.443996013,0.0
8,9,O4,2016-06-20,Dry Basin,Reference,20.9421,28.6,0.01,0.5205771370000001,0.402286204,22.5,NoRain,0.0,-6.77445192468696,0.701021968811424,-50.999580979819406,0.22612369727105602,0.991044062286951,172505.506304646,0.0
9,10,O5,2016-06-20,Dry Basin,Reference,18.97,29.3,0.0,0.527783944,0.35942738,22.5,NoRain,0.0,35.4451250450207,0.468651396696041,-52.80711894497949,0.9807925431782009,0.704962600520962,105272.77932479,0.0
0,1,E1,2016-06-27,Wet Basin,Basin,63.3156,20.1,0.86,0.728864225,0.8686885409999999,23.63888889,YesRain,2.286,-27.585065949601898,0.9056925833730429,1365.1402292815899,0.619512686375168,0.783725092028572,135841.103189157,0.0
1,2,E2,2016-06-27,Wet Basin,Basin,23.4472,21.7,0.04,0.676936737,0.346372101,23.63888889,YesRain,2.286,88.9811521067574,0.6331147000000229,82.6956487689563,0.49410046961837106,0.611766765825501,177802.856417022,0.0
2,3,E3,2016-06-27,Wet Basin,Basin,73.7091,21.1,2.2,0.887976323,0.830079565,23.63888889,YesRain,2.286,78.74817880621109,0.9968142904627049,3789.02218155317,0.541160621209774,0.6477133443378481,407468.634205986,0.0
3,4,E4,2016-06-27,Wet Basin,Reference,20.3558,21.7,0.02,0.48620051799999997,0.418670883,23.63888889,YesRain,2.286,27.0234402309374,0.5483995264154621,6.3691010054114106,0.000965603010964802,0.644593873934953,261345.918609044,0.0
4,5,E5,2016-06-27,Wet Basin,Reference,22.2746,24.3,0.02,0.562160562,0.39623199299999995,23.63888889,YesRain,2.286,13.5599345172386,0.410889448161431,-421.42490264293605,0.999728496092419,0.896181342336769,164824.769063952,0.0
5,6,O1,2016-06-27,Dry Basin,Basin,23.0208,24.0,0.05,0.627598964,0.366807489,23.63888889,YesRain,2.286,-16.0853028158057,0.35726952200852796,3302.56556959706,0.500196455999469,0.9831798699203891,247853.13523598897,0.0
6,7,O2,2016-06-27,Dry Basin,Basin,20.7822,24.2,0.03,0.600147984,0.346284593,23.63888889,YesRain,2.286,24.593808936104196,0.21781872304014702,-2637.5740347932997,0.7287716926899549,0.502307730825575,102238.53209978301,0.0
7,8,O3,2016-06-27,Dry Basin,Basin,22.6477,24.2,0.04,0.54036256,0.419120451,23.63888889,YesRain,2.286,13.379352257162001,0.900326442880222,-85.9930917393737,0.313382009003443,0.768484757565975,364453.904701876,0.0
8,9,O4,2016-06-27,Dry Basin,Reference,20.1426,24.5,0.06,0.5205771370000001,0.386928249,23.63888889,YesRain,2.286,37.432443195621,0.41820753604667105,-28.7330289975783,0.20308786493995398,0.63792144162273,164028.901900208,0.0
9,10,O5,2016-06-27,Dry Basin,Reference,21.5284,24.8,0.01,0.527783944,0.40790176100000003,23.63888889,YesRain,2.286,19.7573933504436,0.270436631783792,-79.29710910208209,0.133566819311282,0.6761592232550161,221789.945049555,0.0
0,1,E1,2016-07-08,Wet Basin,Basin,62.73,21.0,0.8,0.73,0.86,24.16666667,YesRain,2.032,9.82824955584481,0.11980213534635101,4900.36807759974,0.5214371523164589,0.637309806646943,140760.475102422,2.032
1,2,E2,2016-07-08,Wet Basin,Basin,20.14,23.8,0.01,0.68,0.3,24.16666667,YesRain,2.032,413.45404978697405,0.844011089538735,28.0041829831764,0.9454689898280769,0.8435736273476949,136649.903821393,2.032
2,3,E3,2016-07-08,Wet Basin,Basin,81.38,22.1,0.73,0.89,0.92,24.16666667,YesRain,2.032,,0.9987657380075291,694.503670185168,0.988271573447925,0.9991587673512541,480126.15448697,2.032
3,4,E4,2016-07-08,Wet Basin,Reference,20.68,24.2,0.04,0.49,0.43,24.16666667,YesRain,2.032,24.5747793609918,0.28471318810782,-45.9002318507834,0.308295757414343,0.6529562363375749,101680.720976602,2.032
4,5,E5,2016-07-08,Wet Basin,Reference,24.19,25.6,0.04,0.56,0.43,24.16666667,YesRain,2.032,-8.94686260581212,0.0886118133295095,51.805050986236104,0.8647738284691819,0.898756920925473,90018.83212009759,2.032
5,6,O1,2016-07-08,Dry Basin,Basin,32.67,26.0,0.38,0.63,0.52,24.16666667,YesRain,2.032,28.4451835545824,0.938105715995997,-6.578169691742691,0.0126617930011053,0.9254706585193699,374149.944492049,2.032
6,7,O2,2016-07-08,Dry Basin,Basin,21.1,26.2,0.05,0.6,0.35,24.16666667,YesRain,2.032,35.3165912641092,0.518300776079879,-3.5030903926038097,0.0026509549778447397,0.6292358160898609,233260.801701741,2.032
7,8,O3,2016-07-08,Dry Basin,Basin,25.1,25.8,0.02,0.54,0.46,24.16666667,YesRain,2.032,36.5834288438622,0.788478351782393,-32.0376835288886,0.18759910035771699,0.852351568471376,295799.945699122,2.032
8,9,O4,2016-07-08,Dry Basin,Reference,20.73,27.8,0.01,0.52,0.4,24.16666667,YesRain,2.032,27.423254064827102,0.414539347112235,-20.0777290858974,0.0436534631171945,0.998298595943447,125833.46503803901,2.032
9,10,O5,2016-07-08,Dry Basin,Reference,20.14,26.3,0.01,0.53,0.38,24.16666667,YesRain,2.032,10.8204300872285,0.0437888405541397,-21.1420237698263,0.0554507112082758,0.8316726418437751,281041.59380658896,2.032
0,1,E1,2016-07-13,Wet Basin,Basin,61.61,21.2,0.74,0.73,0.85,26.94444444,NoRain,0.0,28.0509702016401,0.12254155263515301,24967.9743518444,0.7508523509555909,0.998560660285179,458931.68199253,2.032
1,2,E2,2016-07-13,Wet Basin,Basin,26.91,23.1,0.14,0.68,0.4,26.94444444,NoRain,0.0,163.436144854963,0.6572968973621129,2839.34996789217,0.6673157763026619,0.76330647040335,335617.228128828,2.032
2,3,E3,2016-07-13,Wet Basin,Basin,76.05,22.1,2.06,0.89,0.86,26.94444444,NoRain,0.0,114.41110005851101,0.6788860634513271,341.886456008366,0.219762618482249,0.903967392450489,627448.876745499,2.032
3,4,E4,2016-07-13,Wet Basin,Reference,20.36,24.2,0.01,0.49,0.42,26.94444444,NoRain,0.0,-54.274033938429994,0.32866822965480996,-102.777306728431,0.26578592357843106,0.9559632244286891,178648.464189914,2.032
4,5,E5,2016-07-13,Wet Basin,Reference,33.04,26.2,0.19,0.56,0.59,26.94444444,NoRain,0.0,-9.08588875728365,0.471911201636266,-158.257788015411,0.39528821523048496,0.9647195975043241,-37545.938559175,2.032
5,6,O1,2016-07-13,Dry Basin,Basin,29.58,25.3,0.16,0.63,0.47,26.94444444,NoRain,0.0,5.8408394642769,0.0446528514192815,266.31407487298196,0.42222972077834003,0.7396281637557091,223324.68958482,2.032
6,7,O2,2016-07-13,Dry Basin,Basin,26.91,25.3,0.14,0.6,0.45,26.94444444,NoRain,0.0,23.475548597761602,0.153066331196727,-400.79609507633904,0.8327597061540559,0.9611391916295071,324049.831912804,2.032
7,8,O3,2016-07-13,Dry Basin,Basin,23.82,25.8,0.1,0.54,0.44,26.94444444,NoRain,0.0,22.7500487540421,0.439928858395248,-100.368570381609,0.23877562638276997,0.5431921488400739,189473.179291045,2.032
8,9,O4,2016-07-13,Dry Basin,Reference,21.1,27.5,0.01,0.52,0.41,26.94444444,NoRain,0.0,-41.463257734915,0.844953753177673,6.876067137088209,0.00820262039796444,0.9808092461666441,242869.071643325,2.032
9,10,O5,2016-07-13,Dry Basin,Reference,19.98,26.7,0.04,0.53,0.38,26.94444444,NoRain,0.0,-16.7337554434614,0.13298540261337,33.6757822336825,0.0496621950967459,0.40590679398366397,160210.560495948,2.032
0,1,E1,2016-07-22,Wet Basin,Basin,59.1,21.5,0.75,0.73,0.81,24.16666667,NoRain,0.0,,0.720933703145808,6859.790767769389,0.9254270772685559,0.896044837765535,325163.528030943,0.0
1,2,E2,2016-07-22,Wet Basin,Basin,25.74,22.9,0.02,0.68,0.38,24.16666667,NoRain,0.0,-845.4472140692959,0.5634033472372939,-36.9583850614365,0.255239955201966,0.965982673237604,422980.91810921,0.0
2,3,E3,2016-07-22,Wet Basin,Basin,74.88,23.0,1.84,0.89,0.84,24.16666667,NoRain,0.0,-907.09945980627,0.6201077091446179,163.565948616142,0.298707683611042,0.532662415512686,266247.17183503,0.0
3,4,E4,2016-07-22,Wet Basin,Reference,21.53,22.9,0.02,0.49,0.44,24.16666667,NoRain,0.0,-1012.24870122297,0.820582247582197,20.9870948634997,0.927043099655338,0.6442033142865711,63032.198641058894,0.0
4,5,E5,2016-07-22,Wet Basin,Reference,43.49,23.9,1.07,0.56,0.77,24.16666667,NoRain,0.0,-145.715509674888,0.0333817477650004,-120.850774710518,0.44616417556721,0.96332794283502,295709.65597772604,0.0
5,6,O1,2016-07-22,Dry Basin,Basin,28.62,23.9,0.14,0.63,0.46,24.16666667,NoRain,0.0,-328.896068835001,0.35306472267072797,-77.0647737615342,0.9150467700095931,0.837026670319998,392894.942885105,0.0
6,7,O2,2016-07-22,Dry Basin,Basin,23.02,23.9,0.07,0.6,0.38,24.16666667,NoRain,0.0,-390.20484716889297,0.619210834173111,-67.3852021619813,0.281125370235133,0.9027620121616371,349830.045375999,0.0
7,8,O3,2016-07-22,Dry Basin,Basin,23.82,23.5,0.05,0.54,0.44,24.16666667,NoRain,0.0,-175.59181612280202,0.66476156764816,-92.3159293331715,0.42913970444519295,0.9881485551014509,669185.568215225,0.0
8,9,O4,2016-07-22,Dry Basin,Reference,20.36,25.8,0.02,0.52,0.39,24.16666667,NoRain,0.0,-132.727460353701,0.5904078814110589,-9.59323198667365,0.401823244265172,0.998243431013688,270820.863057293,0.0
9,10,O5,2016-07-22,Dry Basin,Reference,21.53,25.0,0.0,0.53,0.41,24.16666667,NoRain,0.0,-172.36161931322602,0.656205166491049,276.94169204121397,0.656180474568662,0.9130812044139731,268255.143785864,0.0
0,1,E1,2016-07-25,Wet Basin,Basin,66.46,22.7,0.7,0.73,0.91,21.94444444,YesRain,9.9,49.5383446739635,0.635310920523303,7958.173442723521,0.996018107802109,0.670238566330288,123756.324505569,0.0
1,2,E2,2016-07-25,Wet Basin,Basin,42.85,23.4,0.25,0.68,0.63,21.94444444,YesRain,9.9,45.8093257733875,0.890422055381635,-32.8730036122924,0.0571239388870487,0.457217634922474,60346.4390873457,0.0
2,3,E3,2016-07-25,Wet Basin,Basin,67.47,22.7,2.07,0.89,0.76,21.94444444,YesRain,9.9,318.284946487792,0.947704262020734,575.528300243715,0.9027397395422141,0.780216973874763,120612.46782968301,0.0
3,4,E4,2016-07-25,Wet Basin,Reference,22.59,24.8,0.04,0.49,0.46,21.94444444,YesRain,9.9,69.7100064595614,0.662804810877615,-17.3871957240776,0.008945566872024191,0.9925936796138801,314059.73320595303,0.0
0,1,E5,2016-07-25,Wet Basin,Reference,49.19,24.3,1.01,0.56,0.88,21.94444444,YesRain,9.9,-65.5717738922671,0.5684939196955401,-281.119638774157,0.977841006728903,0.96264052093861,430750.241611845,0.0
0,1,O1,2016-07-25,Dry Basin,Basin,27.92,27.9,2.7,0.63,0.44,21.94444444,YesRain,9.9,-23.7679963368057,0.9764360909656981,49.9316035927052,0.75864218276288,0.9778064659151361,589958.143284427,0.0
1,2,O2,2016-07-25,Dry Basin,Basin,30.7,27.8,0.2,0.6,0.51,21.94444444,YesRain,9.9,41.8082749708329,0.8243025603489409,-3.15587226862876,0.00107821702040609,0.9415308145616851,435782.641281778,0.0
2,3,O3,2016-07-25,Dry Basin,Basin,27.39,28.0,0.18,0.54,0.51,21.94444444,YesRain,9.9,131.565680107769,0.973883486889468,-15.4312228235442,0.0036747418310579603,0.9999583100327021,689565.602698851,0.0
3,4,O4,2016-07-25,Dry Basin,Reference,29.36,27.9,0.17,0.52,0.56,21.94444444,YesRain,9.9,-2.55162097898509,0.0561392836781255,-87.02830773455909,0.336719648870911,0.947269845111244,628906.512728983,0.0
4,5,O5,2016-07-25,Dry Basin,Reference,21.95,27.4,0.11,0.53,0.42,21.94444444,YesRain,9.9,5.410228834013691,0.453195175370063,-48.259444857769296,0.291503441458706,0.894862448482506,355052.881704851,0.0
0,1,E1,2016-08-02,Wet Basin,Basin,63.32,23.7,0.8,0.73,0.87,21.66666667,YesRain,18.54,24.5733690113202,0.9982485444454291,16553.0810625962,0.9726975203762099,0.945634194761515,525081.204204211,22.098
1,2,E2,2016-08-02,Wet Basin,Basin,23.61,24.3,0.07,0.68,0.35,21.66666667,YesRain,18.54,-28.496142557564898,0.727532319113676,-178.573737262521,0.909651256268577,0.547722322139876,53146.4446199443,22.098
2,3,E3,2016-08-02,Wet Basin,Basin,72.75,23.3,1.52,0.89,0.82,21.66666667,YesRain,18.54,-28.875821897337605,0.8686909143802309,1648.51350315323,0.929327461251086,0.9289267037380748,334987.847915366,22.098
3,4,E4,2016-08-02,Wet Basin,Reference,25.53,24.3,0.12,0.49,0.53,21.66666667,YesRain,18.54,10.4985689658264,0.0912262966050733,57.304177555687296,0.41656126943044297,0.966493723142288,242059.74776957103,22.098
4,5,E5,2016-08-02,Wet Basin,Reference,44.45,24.8,0.64,0.56,0.79,21.66666667,YesRain,18.54,-3.72318414935856,0.0201782651318611,-221.35750603131697,0.8717388950738131,0.34901666119749203,95490.8228978078,22.098
5,6,O1,2016-08-02,Dry Basin,Basin,29.84,24.8,0.33,0.63,0.48,21.66666667,YesRain,18.54,31.413507172319797,0.7459092653257691,-69.3403720051527,0.257925979830472,0.414931511531594,464200.696277103,22.098
6,7,O2,2016-08-02,Dry Basin,Basin,27.92,24.9,0.23,0.6,0.47,21.66666667,YesRain,18.54,-8.0327534560734,0.110420006317536,272.47228669466205,0.702838930823064,0.112805842875326,212192.423543328,22.098
7,8,O3,2016-08-02,Dry Basin,Basin,28.08,24.1,0.16,0.54,0.52,21.66666667,YesRain,18.54,65.11632970253339,0.8218622720127879,-39.47056386723379,0.182305116928998,0.940691771779397,444785.265131015,22.098
8,9,O4,2016-08-02,Dry Basin,Reference,23.82,25.6,0.24,0.52,0.46,21.66666667,YesRain,18.54,69.8392954022805,0.990136776118155,-1.45759099258124,0.00049034931464139,0.49634036911815504,367845.739272001,22.098
9,10,O5,2016-08-02,Dry Basin,Reference,23.39,25.3,0.11,0.53,0.44,21.66666667,YesRain,18.54,51.1632146125826,0.9719296832850809,21.374070493695896,0.00652502553788751,0.5081658670125939,155666.797094351,22.098
0,1,E1,2016-08-10,Wet Basin,Basin,71.63,22.5,0.78,0.73,0.98,25.83333333,YesRain,19.8,39.024042607335,0.6773720662066801,25009.636082280496,0.6936545489445439,0.9602210849824839,956434.9325445341,26.924
1,2,E2,2016-08-10,Wet Basin,Basin,35.55,23.5,0.25,0.68,0.53,25.83333333,YesRain,19.8,-45.5839539465144,0.7819854277883009,614.643324391859,0.101446378619716,0.999531366191543,314581.90674169303,26.924
2,3,E3,2016-08-10,Wet Basin,Basin,68.33,24.1,1.74,0.89,0.77,25.83333333,YesRain,19.8,69.2462079205738,0.36197253214469605,3728.3927845536105,0.984643532070637,0.9860850200707059,793500.342548691,26.924
3,4,E4,2016-08-10,Wet Basin,Reference,28.03,24.1,0.19,0.49,0.58,25.83333333,YesRain,19.8,-33.369953889212304,0.542103219060819,36.4918021361545,0.0107885654024495,0.924684499323507,630599.299941265,26.924
4,5,E5,2016-08-10,Wet Basin,Reference,43.86,25.1,0.76,0.56,0.78,25.83333333,YesRain,19.8,44.8302524109162,0.986012409692135,-195.121849329801,0.902143935382261,0.9915974214509599,186994.314991109,26.924
5,6,O1,2016-08-10,Dry Basin,Basin,35.55,30.3,0.24,0.63,0.57,25.83333333,YesRain,19.8,-24.538809411509398,0.551502741489345,89.43820866708029,0.007099856830341341,0.777777050003097,208433.83587212398,26.924
6,7,O2,2016-08-10,Dry Basin,Basin,33.47,29.7,0.18,0.6,0.56,25.83333333,YesRain,19.8,6.96492913935858,0.0828968766122078,643.216305785028,0.8229546197131149,0.8983685163615541,147149.503517932,26.924
7,8,O3,2016-08-10,Dry Basin,Basin,27.92,30.1,0.19,0.54,0.52,25.83333333,YesRain,19.8,53.7141651142905,0.790688817298087,-259.805032937842,0.526400063042803,0.975778145950223,263988.553972244,26.924
8,9,O4,2016-08-10,Dry Basin,Reference,23.71,30.5,0.1,0.52,0.46,25.83333333,YesRain,19.8,-17.3667717844116,0.0893243183728587,-46.5773541235493,0.0307513001044643,0.7643885222568481,440219.16460938397,26.924
9,10,O5,2016-08-10,Dry Basin,Reference,57.77,29.5,0.09,0.53,,25.83333333,YesRain,19.8,-13.6507862053145,0.0239485919605042,677.899681759922,0.619520017286957,0.765786170086038,326825.018717927,26.924
0,1,E1,2016-08-23,Wet Basin,Basin,69.8715,23.6,1.19,0.527783944,,18.33333333,NoRain,0.0,12.767270307743699,0.0448616573529426,24629.792462808302,0.971444633429775,0.998584541246915,400022.846540619,15.748
1,2,E2,2016-08-23,Wet Basin,Basin,36.1326,23.4,0.13,0.527783944,0.6846096859999999,18.33333333,NoRain,0.0,-22.8536959561691,0.533066574042234,214.974044579749,0.69886390925816,0.6855129965369829,129843.674446162,15.748
2,3,E3,2016-08-23,Wet Basin,Basin,72.7497,23.4,1.88,0.527783944,,18.33333333,NoRain,0.0,-6.0265640222069,0.0135825217005718,6687.9608793253,0.9351503402339559,0.9664294220503991,445366.61979547,15.748
3,4,E4,2016-08-23,Wet Basin,Reference,28.6173,23.9,0.12,0.527783944,0.542216192,18.33333333,NoRain,0.0,-68.0577469321123,0.6716120855505949,-44.8621916864747,0.0635103923286592,0.956575557361701,107649.465258975,15.748
0,1,E5,2016-08-23,Wet Basin,Reference,51.9627,23.6,0.48,0.527783944,0.9845449190000001,18.33333333,NoRain,0.0,74.6777689921339,0.18637000039566898,289.09976370795,0.19621050458478,0.7222470182740091,275441.798737004,15.748
1,2,O1,2016-08-23,Dry Basin,Basin,34.8001,26.4,0.2,0.527783944,0.659362613,18.33333333,NoRain,0.0,119.66477796287799,0.5718745787441739,77.77647013266859,0.10407497619894698,0.929092652712747,654555.002666612,15.748
2,3,O2,2016-08-23,Dry Basin,Basin,32.0818,25.8,0.19,0.527783944,0.607858583,18.33333333,NoRain,0.0,15.495253602207,0.041975291406356,-94.12320520234249,0.0941819036379983,0.8569468791208491,306381.766098268,15.748
3,4,O3,2016-08-23,Dry Basin,Basin,29.5767,25.8,0.1,0.527783944,0.560394085,18.33333333,NoRain,0.0,104.487304321438,0.0999081977712552,173.194022049723,0.0446804207098512,0.589154765405971,777251.544547103,15.748
4,5,O4,2016-08-23,Dry Basin,Reference,22.8609,25.9,0.006999999999999999,0.527783944,0.433148834,18.33333333,NoRain,0.0,386.15878406020795,0.727362029077675,1011.0310931100698,0.668493653133987,0.917367361385831,783654.740591707,15.748
5,6,O5,2016-08-23,Dry Basin,Reference,24.4066,26.4,0.005,0.527783944,0.46243544,18.33333333,NoRain,0.0,-184.70665211122102,0.22337435141996898,-9.307040407783699,8.23182029085478e-05,0.278558994009119,298079.612995794,15.748
0,1,E1,2016-09-14,Wet Basin,Basin,55.0541,19.8,1.26,0.728864225,0.755340955,18.33,NoRain,0.0,50.457962108045905,0.669993601892922,14690.379628614099,0.899244757000724,0.9995118218781841,394522.14913432294,0.0
1,2,E2,2016-09-14,Wet Basin,Basin,25.7391,20.1,0.08,0.676936737,0.380229032,18.33,NoRain,0.0,10.2536614045731,0.0827348920961324,65.4115574069909,0.20201418935345103,0.9834288165956321,472660.940228525,0.0
2,3,E3,2016-09-14,Wet Basin,Basin,61.61,20.7,1.78,0.887976323,0.693824806,18.33,NoRain,0.0,1.7347935710907099,0.00228233001847176,5376.3131631101705,0.971949648855076,0.9860669578409459,943095.250080324,0.0
3,4,E4,2016-09-14,Wet Basin,Reference,21.101999999999997,19.8,0.03,0.48620051799999997,0.43401846,18.33,NoRain,0.0,14.472252861112402,0.0584870802574501,90.65677317604771,0.096914118697499,0.9768080439230359,137600.103026767,0.0
4,5,E5,2016-09-14,Wet Basin,Reference,33.2544,21.0,0.68,0.562160562,0.591546299,18.33,NoRain,0.0,77.1811647551711,0.971173953959295,68.76115817965359,0.485199340997477,0.9709131856982809,364946.80759158,0.0
0,1,O1,2016-09-14,Dry Basin,Basin,24.9929,22.2,0.13,0.627598964,0.398230421,18.33,NoRain,0.0,31.5755955705262,0.39523623126949,-15.0002618395443,0.0699003234092731,0.756358400479709,248328.042475264,0.0
1,2,O2,2016-09-14,Dry Basin,Basin,21.9015,22.1,0.05,0.600147984,0.364934993,18.33,NoRain,0.0,9.85386565609611,0.365397743170437,-40.4185904636521,0.0822454308074105,0.322924249893711,95843.73989602689,0.0
2,3,O3,2016-09-14,Dry Basin,Basin,22.4878,22.1,0.06,0.54036256,0.416161327,18.33,NoRain,0.0,33.2555611593803,0.269296274350108,-183.98956693005903,0.33093824906126096,0.972217440600284,605361.2586730539,0.0
3,4,O4,2016-09-14,Dry Basin,Reference,19.9827,23.9,0.02,0.5205771370000001,0.38385665799999996,18.33,NoRain,0.0,18.7943904801938,0.159926555015276,-198.94207759458303,0.7241342745448291,0.880760170147182,242368.31253457302,0.0
4,5,O5,2016-09-14,Dry Basin,Reference,19.5563,23.4,0.03,0.527783944,0.37053609200000004,18.33,NoRain,0.0,-52.1017287834562,0.831640571883502,-79.7884915972012,0.35897034848426296,0.925892076997542,168041.160036343,0.0
0,1,E1,2016-09-19,Wet Basin,Basin,63.6887,20.3,0.81,0.728864225,0.8738074640000001,19.17,YesRain,2.7939999999999996,17.664076931158103,0.11751982725076401,3979.73489154186,0.25896605642688697,0.686546150067995,338993.788716383,23.368000000000002
1,2,E2,2016-09-19,Wet Basin,Basin,32.6681,20.7,0.16,0.676936737,0.48258719299999997,19.17,YesRain,2.7939999999999996,-19.5660373123147,0.0769061866046258,72.6942746300874,0.245941935876263,0.060350184333572,-18939.7992921422,23.368000000000002
2,3,E3,2016-09-19,Wet Basin,Basin,77.9731,20.4,2.04,0.887976323,0.878098864,19.17,YesRain,2.7939999999999996,16.4926323637301,0.136263150960722,3723.0460109922205,0.9804153705557109,0.997598053419124,264329.56960666104,23.368000000000002
3,4,E4,2016-09-19,Wet Basin,Reference,30.7493,20.7,0.24,0.48620051799999997,0.632440708,19.17,YesRain,2.7939999999999996,166.47711705637,0.9937762820250359,58.4196544612445,0.500210125565487,0.8084072855401251,225105.46069632,23.368000000000002
4,5,E5,2016-09-19,Wet Basin,Reference,48.285,20.9,0.56,0.562160562,0.85891831,19.17,YesRain,2.7939999999999996,328.558007167153,0.0863041106427992,878.563232841864,0.16007880917817902,0.231698012338359,352183.337954671,23.368000000000002
5,6,O1,2016-09-19,Dry Basin,Basin,38.2646,22.9,0.17,0.627598964,0.609698266,19.17,YesRain,2.7939999999999996,-5.07551463438437,0.0270565183223516,46.723517800263004,0.273443055366766,0.662272298753473,130085.27427094801,23.368000000000002
6,7,O2,2016-09-19,Dry Basin,Basin,34.427,22.9,0.16,0.600147984,0.573641851,19.17,YesRain,2.7939999999999996,27.560703359491,0.15410419053278399,-127.62065244698601,0.17945207635806198,0.9705214772161821,102204.689459406,23.368000000000002
7,8,O3,2016-09-19,Dry Basin,Basin,34.0539,22.8,0.11,0.54036256,0.630204654,19.17,YesRain,2.7939999999999996,44.676361486583204,0.572852663325338,-130.630308827014,0.9981856606718191,0.26224569051760604,58229.765152582804,23.368000000000002
8,9,O4,2016-09-19,Dry Basin,Reference,26.1122,24.8,0.11,0.5205771370000001,0.501600976,19.17,YesRain,2.7939999999999996,-27.24362298881,0.41310076354761804,-72.0273674558128,0.5685303737681321,0.9617455511434101,493724.734522408,23.368000000000002
9,10,O5,2016-09-19,Dry Basin,Reference,24.5665,24.3,0.06,0.527783944,0.46546508799999997,19.17,YesRain,2.7939999999999996,-25.8656494726282,0.570319151304999,31.4683703003188,0.0290867127826319,0.894463331948011,252438.016385377,23.368000000000002
0,1,E1,2016-09-21,Wet Basin,Basin,63.6887,20.1,0.85,0.728864225,0.8738074640000001,18.05555556,NoRain,0.0,8.19750162531644,0.0718840540935037,23079.5457242525,0.5113189116710349,0.915886743164944,336099.50894738804,2.7939999999999996
1,2,E2,2016-09-21,Wet Basin,Basin,25.1528,20.5,0.21,0.676936737,0.37156795600000003,18.05555556,NoRain,0.0,-17.614841414674498,0.13216810902954199,354.00203291971604,0.968767041316271,0.8891045691061841,40422.0981091879,2.7939999999999996
2,3,E3,2016-09-21,Wet Basin,Basin,70.2446,19.9,1.82,0.887976323,0.791063886,18.05555556,NoRain,0.0,34.8512271394767,0.238424209061437,4167.58815645206,0.8707248611296329,0.912046690176058,276582.013419035,2.7939999999999996
3,4,E4,2016-09-21,Wet Basin,Reference,24.5665,21.0,0.1,0.48620051799999997,0.505275068,18.05555556,NoRain,0.0,-37.3840339224528,0.13751517642877498,3.64103309203488,0.000605048349915356,0.300599059163084,35759.313150798596,2.7939999999999996
4,5,E5,2016-09-21,Wet Basin,Reference,34.8001,21.0,0.58,0.562160562,0.619042002,18.05555556,NoRain,0.0,28.7521993586775,0.178782255752565,-127.667077992608,0.819091464745656,0.254512971508704,61285.8625714529,2.7939999999999996
5,6,O1,2016-09-21,Dry Basin,Basin,28.031,24.0,0.18,0.627598964,0.44663872299999996,18.05555556,NoRain,0.0,22.245170615678802,0.0443094081094625,-299.617669599738,0.458624458754956,0.9296502874427,538120.900912856,2.7939999999999996
6,7,O2,2016-09-21,Dry Basin,Basin,26.6985,25.3,0.11,0.600147984,0.444865279,18.05555556,NoRain,0.0,-57.7541117522776,0.256787594174355,-74.2428044679066,0.0906312554314986,0.893429913310428,328100.397770038,2.7939999999999996
7,8,O3,2016-09-21,Dry Basin,Basin,24.5665,23.8,0.12,0.54036256,0.454629943,18.05555556,NoRain,0.0,-20.3909990989817,0.24435666217654395,21.9955793041856,0.0369143485407917,0.9871973589746469,586468.249036071,2.7939999999999996
8,9,O4,2016-09-21,Dry Basin,Reference,21.101999999999997,24.0,0.06,0.5205771370000001,0.405357795,18.05555556,NoRain,0.0,23.287963874710602,0.695455126664594,123.69297939473302,0.45190826456489797,0.933099132398921,205155.748838429,2.7939999999999996
9,10,O5,2016-09-21,Dry Basin,Reference,21.6883,25.0,0.05,0.527783944,0.41093141,18.05555556,NoRain,0.0,70.191387075788,0.6426543276873791,158.633263671816,0.227267283268697,0.681071491464145,325101.55395602103,2.7939999999999996
0,1,E1,2016-10-08,Wet Basin,Basin,66.99,16.6,1.03,0.73,0.92,12.77777778,YesRain,7.4,87.6553041678731,0.3988726914514679,278.751821963755,0.432071239168574,0.9729490434108679,142701.475936229,4.3180000000000005
1,2,E2,2016-10-08,Wet Basin,Basin,36.35,16.5,0.27,0.68,0.54,12.77777778,YesRain,7.4,40.5509663414865,0.308205564513263,-89.76467166906049,0.38776420600610206,0.836808221724538,112995.945125399,4.3180000000000005
2,3,E3,2016-10-08,Wet Basin,Basin,76.05,16.7,1.55,0.89,0.86,12.77777778,YesRain,7.4,-45.382968419770606,0.24045887105535702,158.08638925929898,0.965536378327155,0.9639036778234319,72341.8159735174,4.3180000000000005
3,4,E4,2016-10-08,Wet Basin,Reference,27.66,16.8,0.07,0.49,0.57,12.77777778,YesRain,7.4,43.3901813784738,0.534641110692999,-60.026699022345106,0.194408010688488,0.983908508556518,172624.552874785,4.3180000000000005
4,5,E5,2016-10-08,Wet Basin,Reference,52.12,17.1,0.72,0.56,0.93,12.77777778,YesRain,7.4,-12.863857895048499,0.0241452506905911,36.4319918453242,0.24734637123862,0.0021734981912251102,-1904.60872284853,4.3180000000000005
5,6,O1,2016-10-08,Dry Basin,Basin,35.01,17.2,0.12,0.63,0.56,12.77777778,YesRain,7.4,-7.629093578703429,0.0452437627569948,-43.9419123392567,0.105677849395601,0.7661081322598999,78374.38395591901,4.3180000000000005
6,7,O2,2016-10-08,Dry Basin,Basin,34.05,17.3,0.16,0.6,0.57,12.77777778,YesRain,7.4,-26.974822364008197,0.694999211553157,-69.4265514145844,0.11032055190301199,0.858641461689157,65867.40044983401,4.3180000000000005
7,8,O3,2016-10-08,Dry Basin,Basin,31.12,17.2,0.13,0.54,0.58,12.77777778,YesRain,7.4,6.3843337805178795,0.00906275474163751,-72.8541741012585,0.24396792170537301,0.35409089909374103,21917.6161449379,4.3180000000000005
8,9,O4,2016-10-08,Dry Basin,Reference,26.54,18.1,0.09,0.52,0.51,12.77777778,YesRain,7.4,-1.3829185324375302,0.00209516256711317,133.62937419640699,0.967318097606489,0.736696177137336,115367.52868084,4.3180000000000005
9,10,O5,2016-10-08,Dry Basin,Reference,27.5,17.9,0.09,0.53,0.52,12.77777778,YesRain,7.4,-11.470070694164601,0.040853533010349,325.623924387929,0.666309864079395,0.9961207543232359,202789.74749118302,4.3180000000000005
0,1,E1,2017-04-27,Wet Basin,Basin,83.1432,13.6,2.14,0.73,,18.33333333,NoRain,0.0,50.472782054956205,0.39887269145147,352.88606135482297,0.432071239168574,0.9729490434108679,186707.33561965302,1.016
1,2,E2,2017-04-27,Wet Basin,Basin,38.2646,14.6,0.46,0.68,0.57,18.33333333,NoRain,0.0,23.349643306832103,0.30820556451326503,-113.637648037409,0.387764206006101,0.8368082217245371,147841.300952036,1.016
2,3,E3,2017-04-27,Wet Basin,Basin,87.4072,15.0,4.14,0.89,0.98,18.33333333,NoRain,0.0,-26.131957396111396,0.24045887105535801,200.129573563015,0.9655363783271541,0.963903677823433,94650.3715234076,1.016
3,4,E4,2017-04-27,Wet Basin,Reference,31.9219,14.4,0.07,0.49,0.66,18.33333333,NoRain,0.0,24.9844911135839,0.534641110692997,-75.9908410459864,0.194408010688488,0.983908508556518,225858.002647347,1.016
4,5,O1,2017-04-27,Dry Basin,Basin,33.6275,15.8,0.28,0.63,0.54,18.33333333,NoRain,0.0,-4.39290675139651,0.0452437627569974,-55.6282942459669,0.10567784939560199,0.766108132259899,102543.24500316,1.016
5,6,O2,2017-04-27,Dry Basin,Basin,41.356,16.3,0.54,0.6,0.69,18.33333333,NoRain,0.0,-15.5323667298246,0.6949992115531489,-87.890590667875,0.11032055190301199,0.8586414616891579,86179.39486257991,1.016
6,7,O3,2017-04-27,Dry Basin,Basin,34.8001,16.3,0.18,0.54,0.64,18.33333333,NoRain,0.0,12.276463267994401,0.24135344514683701,-134.16808342107,0.9063107637216629,0.999310333106484,39024.316827457296,1.016
7,8,O4,2017-04-27,Dry Basin,Reference,29.2036,16.2,0.12,0.52,0.56,18.33333333,NoRain,0.0,-0.7962980261159681,0.00209516256711317,169.168198468713,0.967318097606489,0.736696177137337,150944.226439883,1.016
8,9,O5,2017-04-27,Dry Basin,Reference,28.6173,16.1,0.07,0.53,0.54,18.33333333,NoRain,0.0,-6.604578967552191,0.0408535330103498,412.223831760633,0.6663098640793941,0.9961207543232359,265325.450887285,1.016
9,10,E5,2017-04-27,Wet Basin,Reference,44.6073,14.8,0.59,0.56,0.79,18.33333333,NoRain,0.0,,,,,,,1.016
0,1,E1,2017-05-27,Wet Basin,Basin,76.8005,15.4,1.16,0.728864225,,14.16666667,YesRain,7.62,1.14860164153601,0.00286034193657969,1940.7792466214603,0.9822633913290469,0.996346228091015,680695.179345384,8.636
1,2,E2,2017-05-27,Wet Basin,Basin,36.7189,15.7,0.15,0.676936737,0.542427349,14.16666667,YesRain,7.62,-14.2499033619948,0.198636522308799,72.62353237711709,0.417354708521275,0.993990284784022,497384.20455776295,8.636
2,3,E3,2017-05-27,Wet Basin,Basin,82.397,16.0,2.73,0.887976323,0.9279188859999999,14.16666667,YesRain,7.62,-89.14190514158591,0.955725869751771,1667.02135412551,0.995611920636981,0.930634090323423,266118.33542774,8.636
3,4,E4,2017-05-27,Wet Basin,Reference,34.0539,15.7,0.06,0.48620051799999997,0.70040855,14.16666667,YesRain,7.62,15.685402226970902,0.427915668545164,-78.25473276455921,0.160262484493906,0.996148630105237,1004430.3697760999,8.636
4,5,O1,2017-05-27,Dry Basin,Basin,41.7291,16.6,0.24,0.627598964,0.664900715,14.16666667,YesRain,7.62,8.60015114878639,0.0115611819772227,57.4408482648094,0.179737699642714,0.53112141008618,-451976.052338545,8.636
5,6,O2,2017-05-27,Dry Basin,Basin,42.3154,16.6,0.48,0.600147984,0.705082765,14.16666667,YesRain,7.62,2.10842306347724,0.00982253082410789,29.1371108460284,0.175869231614118,0.5495085604262849,83727.6341086554,8.636
6,7,O3,2017-05-27,Dry Basin,Basin,37.6783,16.6,0.19,0.54036256,0.6972781379999999,14.16666667,YesRain,7.62,11.819440149819998,0.33451872531203497,68.922461983433,0.106254329520601,0.8408381679736351,308204.147765873,8.636
7,8,O5,2017-05-27,Dry Basin,Reference,31.7087,15.9,0.07,0.527783944,0.6007894020000001,14.16666667,YesRain,7.62,62.519468136471005,0.263431206132387,-32.6883076051511,0.20653963933520803,0.909132205468764,534976.5655649471,8.636
8,9,E5,2017-05-27,Wet Basin,Reference,,,,0.562160562,,14.16666667,YesRain,7.62,,,,,,,8.636
9,10,O4,2017-05-27,Dry Basin,Reference,30.9625,16.6,0.12,0.5205771370000001,0.594772567,14.16666667,YesRain,7.62,,,,,,,8.636
0,1,E1,2017-06-02,Wet Basin,Basin,77.01,15.7,1.19,0.73,,11.38888889,NoRain,0.0,-7.051414610414339,0.353776377619412,3283.08186951639,0.993588886415759,0.987835325707223,576206.615967083,18.796
1,2,E2,2017-06-02,Wet Basin,Basin,35.97,15.1,0.13,0.68,0.53,11.38888889,NoRain,0.0,49.7091043161051,0.622674402444128,-65.4362404528829,0.26483132535452,0.8989141666677429,197087.177892643,18.796
2,3,E3,2017-06-02,Wet Basin,Basin,81.81,15.8,2.1,0.89,0.92,11.38888889,NoRain,0.0,21.213534215250302,0.47282480909820795,2558.32997824477,0.9807007106077079,0.8428231608688299,-323738.017477816,18.796
3,4,E4,2017-06-02,Wet Basin,Reference,32.88,16.3,0.19,0.49,0.68,11.38888889,NoRain,0.0,60.1579462479323,0.692600197111732,-101.91383374455201,0.4009886493269221,0.7944850195672959,362650.086538251,18.796
4,5,E5,2017-06-02,Wet Basin,Reference,48.5,16.9,0.55,0.56,0.86,11.38888889,NoRain,0.0,40.300968999961704,0.41837819068336896,-48.08533812277471,0.0462875554544454,0.9867566430928629,308482.620845132,18.796
5,6,O1,2017-06-02,Dry Basin,Basin,33.04,18.1,0.06,0.63,0.53,11.38888889,NoRain,0.0,56.995163683665105,0.7154635496873359,11.510652438399598,0.0129932331074041,0.8827078187834171,450808.925148734,18.796
6,7,O2,2017-06-02,Dry Basin,Basin,41.14,17.8,0.23,0.6,0.69,11.38888889,NoRain,0.0,-13.1672120430478,0.0414300391120021,-35.8113277616751,0.12068798626897599,0.9795009860070121,330192.812509391,18.796
7,8,O3,2017-06-02,Dry Basin,Basin,34.05,17.5,0.23,0.54,0.63,11.38888889,NoRain,0.0,40.9864810624846,0.263790109604432,13.2239446697179,0.0775174154066355,0.99437102146946,837152.611304147,18.796
8,9,O4,2017-06-02,Dry Basin,Reference,28.83,16.2,0.23,0.52,0.55,11.38888889,NoRain,0.0,39.1256561665583,0.608547909828295,131.111408432777,0.224607664641371,0.995315955953702,1004143.47339393,18.796
9,10,O5,2017-06-02,Dry Basin,Reference,27.28,16.8,0.24,0.53,0.52,11.38888889,NoRain,0.0,32.7038189249033,0.38937488359348704,18.8186281820709,0.0208821168853571,0.8814367261510079,815759.6298422341,18.796
0,1,E1,2017-06-09,Wet Basin,Basin,77.97,15.7,1.33,0.73,,17.22222222,NoRain,0.0,24.6036930609897,0.482960709860869,892.5973962638529,0.9170385836504279,0.923120144249166,837237.220413072,3.048
1,2,E2,2017-06-09,Wet Basin,Basin,37.09,15.3,0.26,0.68,0.55,17.22222222,NoRain,0.0,-42.1080313012028,0.9861829784376579,-11.812986385176,0.11971785168464698,0.9992797817803629,317781.673099329,3.048
2,3,E3,2017-06-09,Wet Basin,Basin,80.27,16.6,1.72,0.89,0.9,17.22222222,NoRain,0.0,-2.42053061103991,0.034945670155594,1499.93097527873,0.982465740114553,0.5738572133588411,65704.6789637149,3.048
3,4,E4,2017-06-09,Wet Basin,Reference,34.21,15.9,0.2,0.49,0.7,17.22222222,NoRain,0.0,6.916135887938871,0.0829595960624074,-56.9076609112796,0.0484292708782878,0.993000698897433,849371.527409993,3.048
4,5,E5,2017-06-09,Wet Basin,Reference,45.78,17.9,0.66,0.56,0.81,17.22222222,NoRain,0.0,-3.1685788610892796,0.0253714184927862,8.04027913843543,0.0145603850409923,0.9587277732891228,432563.424648702,3.048
5,6,O1,2017-06-09,Dry Basin,Basin,40.02,19.2,0.22,0.63,0.64,17.22222222,NoRain,0.0,35.4431716368144,0.3895384811519749,-130.541927413024,0.7184076739987231,0.919291881593875,223321.280402898,3.048
6,7,O2,2017-06-09,Dry Basin,Basin,39.81,20.2,0.12,0.6,0.66,17.22222222,NoRain,0.0,17.449166636114498,0.15489397471695301,-102.68719831646999,0.600965211810631,0.780536061807542,255493.36931677398,3.048
7,8,O3,2017-06-09,Dry Basin,Basin,33.25,18.7,0.08,0.54,0.62,17.22222222,NoRain,0.0,40.1104691002384,0.599623579513992,-87.69750989682699,0.527053225960308,0.9987611407540691,818082.225101077,3.048
8,9,O4,2017-06-09,Dry Basin,Reference,31.12,17.1,0.18,0.52,0.6,17.22222222,NoRain,0.0,24.3478047363055,0.867552473961159,-29.834286138793697,0.0669205664239721,0.980232758095575,306253.087076813,3.048
9,10,O5,2017-06-09,Dry Basin,Reference,28.46,15.5,0.17,0.53,0.54,17.22222222,NoRain,0.0,-7.88844848771405,0.0507501216990952,4.27521228268074,0.00162346295796365,0.996398139867814,957324.902194103,3.048
0,1,E1,2017-06-20,Wet Basin,Basin,71.6304,20.4,1.03,0.728864225,0.9827674009999999,18.61111111,YesRain,21.59,-29.767923833733697,0.201865469329272,8656.193607990692,0.9364645752390508,0.992768008917999,1133945.64152252,41.147999999999996
1,2,E2,2017-06-20,Wet Basin,Basin,36.559,20.1,0.1,0.676936737,0.540065238,18.61111111,YesRain,21.59,20.8839959257953,0.182664314488158,2301.3934951790397,0.646460958496031,0.990213883930387,680078.808241409,41.147999999999996
2,3,E3,2017-06-20,Wet Basin,Basin,81.0645,20.1,1.37,0.887976323,0.912912855,18.61111111,YesRain,21.59,-9.52938464826982,0.0964978887088861,557.73768996917,0.45159268808335,0.9962689578696821,1026887.17343543,41.147999999999996
3,4,E4,2017-06-20,Wet Basin,Reference,33.6275,19.8,0.17,0.48620051799999997,0.691638506,18.61111111,YesRain,21.59,-22.9437479745551,0.28967673903925895,-23.1584975285111,0.0994962190936107,0.987514359715977,1057206.40298827,41.147999999999996
4,5,E5,2017-06-20,Wet Basin,Reference,41.9423,21.0,0.68,0.562160562,0.746091114,18.61111111,YesRain,21.59,32.2297667940415,0.42725927771565797,-98.8863879328817,0.658333291826509,0.9842789021813381,342856.968421249,41.147999999999996
5,6,O1,2017-06-20,Dry Basin,Basin,39.4372,22.7,0.26,0.627598964,0.628382172,18.61111111,YesRain,21.59,13.2473006976321,0.406434237456023,54.740311652672396,0.4184804151667689,0.833071500582039,655877.116402007,41.147999999999996
6,7,O2,2017-06-20,Dry Basin,Basin,29.3102,23.3,0.31,0.600147984,0.488382879,18.61111111,YesRain,21.59,-0.610259437246539,0.00283370793034034,-233.115541049404,0.8878903460540319,0.976868082356032,477633.953540675,41.147999999999996
7,8,O3,2017-06-20,Dry Basin,Basin,30.0031,22.7,0.22,0.54036256,0.55524017,18.61111111,YesRain,21.59,20.8484615980429,0.43975248920447,213.978354835721,0.256764633953793,0.9996678741944441,998236.392990645,41.147999999999996
8,9,O4,2017-06-20,Dry Basin,Reference,25.9523,22.3,0.18,0.5205771370000001,0.498529386,18.61111111,YesRain,21.59,-6.0058841256158795,0.0126384934511328,40.86837673095871,0.0443815277884864,0.9918598590163891,898235.54477305,41.147999999999996
9,10,O5,2017-06-20,Dry Basin,Reference,24.9396,20.8,0.29,0.527783944,0.472534269,18.61111111,YesRain,21.59,14.314435576828199,0.568449738326053,-39.0153973940989,0.0778734418467201,0.989533262876797,655646.3023320279,41.147999999999996
0,1,E1,2017-06-27,Wet Basin,Basin,69.13,19.0,1.26,0.73,0.95,13.61111111,YesRain,7.112,2.40257210714431,0.0191655263954696,6502.38313411009,0.981409579037245,0.989207426513716,1055911.77162797,14.224
1,2,E2,2017-06-27,Wet Basin,Basin,40.56,17.4,0.16,0.68,0.6,13.61111111,YesRain,7.112,3.4060976683403394,0.00486400002156319,-183.423349555643,0.5062751475708029,0.9133501099315491,-83195.4285242054,14.224
2,3,E3,2017-06-27,Wet Basin,Basin,70.08,18.5,2.64,0.89,0.79,13.61111111,YesRain,7.112,19.616506208958,0.24646332695279502,1891.7636147039898,0.992648107274982,0.748794803161065,472227.317868054,14.224
3,4,E4,2017-06-27,Wet Basin,Reference,29.58,17.9,0.26,0.49,0.61,13.61111111,YesRain,7.112,22.047930501423203,0.171211098901827,-76.3552411023143,0.259480794915407,0.997043837432874,596605.3247098001,14.224
4,5,E5,2017-06-27,Wet Basin,Reference,44.82,19.3,0.55,0.56,0.8,13.61111111,YesRain,7.112,45.120328304407394,0.958496789665761,-113.306787429551,0.11365701065453099,0.117639240123131,43993.605420105705,14.224
5,6,O1,2017-06-27,Dry Basin,Basin,38.05,24.1,0.19,0.63,0.61,13.61111111,YesRain,7.112,-42.8378276540885,0.9594727678849809,40.33023585828521,0.405750478412548,0.97547032116078,254139.417959273,14.224
6,7,O2,2017-06-27,Dry Basin,Basin,33.04,20.6,0.36,0.6,0.55,13.61111111,YesRain,7.112,10.8697628510112,0.282110192511193,14.904858127530401,0.017437912222294998,0.9538967938775369,581740.51384845,14.224
7,8,O3,2017-06-27,Dry Basin,Basin,34.21,20.5,0.16,0.54,0.63,13.61111111,YesRain,7.112,19.516285812604803,0.0506905286961551,-272.975454801169,0.697128909035438,0.9615532122784871,548136.43153539,14.224
8,9,O4,2017-06-27,Dry Basin,Reference,29.04,0.8,0.15,0.52,0.56,13.61111111,YesRain,7.112,32.770322561533696,0.338896585186071,-8.81679936223566,0.0119085339614036,0.9363339027837678,585014.839744599,14.224
9,10,O5,2017-06-27,Dry Basin,Reference,31.12,19.2,0.22,0.53,0.59,13.61111111,YesRain,7.112,-2.90060269731748,0.0141405261326069,-190.71111009509102,0.775204752515203,0.9978725938281671,684877.15885373,14.224
0,1,E1,2017-07-05,Wet Basin,Basin,78.3462,19.5,0.97,0.728864225,,20.27777778,NoRain,0.0,-11.438458510382901,0.217275150278772,8440.91807409514,0.9411086031302579,0.9955649574005949,503007.03551366896,0.254
1,2,E2,2017-07-05,Wet Basin,Basin,30.7493,18.6,0.2,0.676936737,0.454241856,20.27777778,NoRain,0.0,46.5542210828851,0.699744262138295,-229.374959698163,0.11242066455285801,0.9991371919032629,342410.652597566,0.254
2,3,E3,2017-07-05,Wet Basin,Basin,76.6406,19.7,1.42,0.887976323,0.863092833,20.27777778,NoRain,0.0,39.6279233234274,0.613261995379599,2091.7951323262,0.986899412573307,0.9983026527309758,393832.162303724,0.254
3,4,E4,2017-07-05,Wet Basin,Reference,30.0031,18.9,0.16,0.48620051799999997,0.617093131,20.27777778,NoRain,0.0,21.417185018276104,0.31549520889035804,207.12775593674098,0.807937749860366,0.9492921176158691,367490.502933786,0.254
4,5,E5,2017-07-05,Wet Basin,Reference,39.8103,21.4,0.74,0.562160562,0.7081660059999999,20.27777778,NoRain,0.0,6.48233271281543,0.22139101744117104,286.720834926358,0.574086716232314,0.9903061812448929,189346.427037869,0.254
5,6,O1,2017-07-05,Dry Basin,Basin,36.9321,20.8,0.29,0.627598964,0.588466554,20.27777778,NoRain,0.0,-30.1707082588934,0.442956581096771,-109.36591427569701,0.81562551624646,0.9864715660581371,429054.727231565,0.254
6,7,O2,2017-07-05,Dry Basin,Basin,35.1732,20.5,0.1,0.600147984,0.586075451,20.27777778,NoRain,0.0,-24.9882847195546,0.21166149606111298,271.88052170049497,0.668946770352903,0.343766900192551,-45216.016867646504,0.254
7,8,O3,2017-07-05,Dry Basin,Basin,31.1224,20.4,0.07,0.54036256,0.575954041,20.27777778,NoRain,0.0,8.34241934499596,0.0485524680023365,-70.3575444458631,0.691160495199561,0.792972173501862,69170.4426423077,0.254
8,9,O4,2017-07-05,Dry Basin,Reference,24.5665,21.9,0.11,0.5205771370000001,0.47190893100000003,20.27777778,NoRain,0.0,1.7956890276141,0.0238951655154993,218.2698291348,0.6502875168229879,0.9544892978802819,172090.894010877,0.254
9,10,O5,2017-07-05,Dry Basin,Reference,27.8711,20.4,0.12,0.527783944,0.528077831,20.27777778,NoRain,0.0,-29.580372326340104,0.913358185949343,-19.907625208760397,0.0922204690304825,0.927591014042647,189201.937686097,0.254
0,1,E1,2017-07-15,Wet Basin,Basin,104.5,21.3,1.71,0.73,,22.2,YesRain,25.4,31.823999589539,0.0785137521170605,22971.7292520746,0.718189700025481,0.9980717390666209,797297.670876955,79.756
1,2,E2,2017-07-15,Wet Basin,Basin,31.3,21.7,0.36,0.68,,22.2,YesRain,25.4,6.47589838626197,0.63507807633431,0.0,,0.909246382099426,432232.393898516,79.756
2,3,E3,2017-07-15,Wet Basin,Basin,113.2,21.5,2.62,0.89,,22.2,YesRain,25.4,47.30912242082871,0.5413127394061811,-119.643843763197,0.0666666652266666,0.9652076776069329,515081.678475369,79.756
3,4,E4,2017-07-15,Wet Basin,Reference,36.2,20.8,0.22,0.49,,22.2,YesRain,25.4,17.775642708573198,0.138445770140426,0.0,,0.9878875727454252,677543.5613485071,79.756
4,5,E5,2017-07-15,Wet Basin,Reference,47.4,22.9,0.62,0.56,,22.2,YesRain,25.4,8.79410844461082,0.14725611347409304,0.0,,0.743373522045494,94376.96431026311,79.756
5,6,O1,2017-07-15,Dry Basin,Basin,39.5,24.8,0.22,0.63,,22.2,YesRain,25.4,55.3953575587201,0.85023480894251,0.0,,0.9999491244730421,959551.229093378,79.756
6,7,O2,2017-07-15,Dry Basin,Basin,35.1,24.8,0.15,0.6,,22.2,YesRain,25.4,8.37488079825258,0.229432644431415,0.0,,0.620541823493479,382034.764106115,79.756
7,8,O3,2017-07-15,Dry Basin,Basin,31.9,24.7,0.1,0.54,,22.2,YesRain,25.4,80.3977797725272,0.8426894265025291,0.0,,0.976008520155001,572690.415155776,79.756
8,9,O4,2017-07-15,Dry Basin,Reference,26.1,22.8,0.21,0.52,,22.2,YesRain,25.4,64.7546128344968,0.7751152592478199,0.0,,0.9778042578384281,443181.41824121104,79.756
9,10,O5,2017-07-15,Dry Basin,Reference,25.4,22.5,0.17,0.53,,22.2,YesRain,25.4,-11.000190029616698,0.139859366785629,0.0,,0.980287547492692,471584.11598576204,79.756
0,1,E1,2017-07-20,Wet Basin,Basin,72.9629,21.9,1.12,0.728864225,,23.5,NoRain,0.0,101.832549905652,0.891278617851129,,0.830337864201975,0.9958297553349531,646834.357447117,7.112
1,2,E2,2017-07-20,Wet Basin,Basin,26.5386,21.9,0.08,0.676936737,0.39203958899999997,23.5,NoRain,0.0,23.2233329817694,0.413355535832882,-8.8615983957175,0.00448371149216884,0.838036862197255,401381.763356191,7.112
2,3,E3,2017-07-20,Wet Basin,Basin,76.4274,22.1,2.65,0.887976323,0.860691868,23.5,NoRain,0.0,33.3027169461648,0.434236284068478,2818.4453349809496,0.9242165573993308,0.9981764479004829,536200.978687898,7.112
3,4,E4,2017-07-20,Wet Basin,Reference,27.8711,21.8,0.2,0.48620051799999997,0.573242911,23.5,NoRain,0.0,-13.308177860019699,0.10261427719371699,-161.518598129278,0.292566171207541,0.9811482891705819,809090.153833158,7.112
4,5,E5,2017-07-20,Wet Basin,Reference,30.0031,23.5,0.73,0.562160562,0.5337105089999999,23.5,NoRain,0.0,-34.9892678342081,0.647856384528607,-10.313772442256802,0.00349188268581892,0.997528385171749,302292.44519948197,7.112
5,6,O1,2017-07-20,Dry Basin,Basin,37.3052,24.2,0.24,0.627598964,0.594411434,23.5,NoRain,0.0,74.9620946920292,0.830615163514499,7.00979215338303,0.0592166697819986,0.9982819800447841,1020893.71637056,7.112
6,7,O2,2017-07-20,Dry Basin,Basin,36.7189,23.9,0.37,0.600147984,0.611830765,23.5,NoRain,0.0,58.3304350917951,0.914952926631902,40.1555550671096,0.20736663113444395,0.990422390436638,557196.801612744,7.112
7,8,O3,2017-07-20,Dry Basin,Basin,30.7493,23.8,0.14,0.54036256,0.569049417,23.5,NoRain,0.0,20.3967762952664,0.0555744931167811,190.738246728559,0.5988561849270521,0.982048868173895,690417.9810171679,7.112
8,9,O4,2017-07-20,Dry Basin,Reference,28.6173,24.1,0.12,0.5205771370000001,0.549722567,23.5,NoRain,0.0,64.809309597475,1.0,-38.695265100574495,1.0,1.0,45649.774517169404,7.112
9,10,O5,2017-07-20,Dry Basin,Reference,29.0437,23.6,0.12,0.527783944,0.550295255,23.5,NoRain,0.0,-11.115540489009,0.117266223584259,-262.73317708516703,0.8057952038619121,0.999778769003446,648468.538857044,7.112
0,1,E1,2017-07-25,Wet Basin,Basin,67.3664,20.9,1.68,0.728864225,0.924265421,20.0,YesRain,17.018,203.226302054455,1.0,,0.8806873247641049,0.9960225315404971,367204.511114824,46.482
1,2,E2,2017-07-25,Wet Basin,Basin,50.7901,20.8,0.35,0.676936737,0.750293155,20.0,YesRain,17.018,,,,,,,46.482
2,3,E3,2017-07-25,Wet Basin,Basin,75.0949,21.2,1.64,0.887976323,0.845685837,20.0,YesRain,17.018,-19.594329972040697,0.917349517980687,7061.102815133409,0.8713596591268431,0.9991437572411971,223655.24525598198,46.482
3,4,E4,2017-07-25,Wet Basin,Reference,35.7595,21.1,0.23,0.48620051799999997,0.735488727,20.0,YesRain,17.018,13.609436018480801,0.0559687711809243,945.811750363466,0.0562059877697348,0.9986364275014459,457807.804885234,46.482
4,5,E5,2017-07-25,Wet Basin,Reference,41.9423,21.9,0.52,0.562160562,0.746091114,20.0,YesRain,17.018,33.1684750948466,0.34477375226617607,6688.2403381021395,0.709713253672273,0.886268981460945,185891.156296892,46.482
5,6,O1,2017-07-25,Dry Basin,Basin,37.6783,21.5,0.22,0.627598964,0.6003563129999999,20.0,YesRain,17.018,39.087014008257704,0.8197589330261271,-3359.1425701961402,0.767844865381811,0.9970832556049191,504397.050876859,46.482
6,7,O2,2017-07-25,Dry Basin,Basin,33.8407,21.7,0.16,0.600147984,0.5638725929999999,20.0,YesRain,17.018,32.8876490344084,0.580670264084074,-35.7162966117357,0.256607200733015,0.983513060359582,185470.490088376,46.482
7,8,O3,2017-07-25,Dry Basin,Basin,36.1326,21.1,0.19,0.54036256,0.66867327,20.0,YesRain,17.018,20.8751529174612,0.126432337740695,44.1977406848674,0.483476491626242,0.994342016611948,325897.343815324,46.482
8,9,O4,2017-07-25,Dry Basin,Reference,60.2775,22.2,0.24,0.5205771370000001,,20.0,YesRain,17.018,5.07908316597871,0.00836152162782047,83.7095721690634,0.989023480820601,0.990935832208523,466124.075833521,46.482
9,10,O5,2017-07-25,Dry Basin,Reference,36.02155833,22.00277778,-0.18638888899999997,0.48588646399999996,0.741357519,20.0,YesRain,17.018,57.7440461623973,0.9486441734070659,-90.4200363364571,0.644890696170567,0.9888201755352909,457397.721352207,46.482
0,1,E1,2017-08-02,Wet Basin,Basin,67.37,22.3,1.15,0.73,0.92,22.22,NoRain,0.0,147.984649611592,0.9136179243338192,,0.9214212294559642,0.99468135957449,529299.665439424,0.0
1,2,E2,2017-08-02,Wet Basin,Basin,24.41,21.7,0.3,0.68,0.36,22.22,NoRain,0.0,38.8244064081304,0.37643578420593,351.191492949228,0.9277365075912991,0.9958367332141841,510226.236876467,0.0
2,3,E3,2017-08-02,Wet Basin,Basin,74.67,,0.15,0.89,0.84,22.22,NoRain,0.0,13.379675178904,0.138084445604431,-534.539392131542,0.3728330030674621,0.8247218552243059,134928.883572024,0.0
3,4,E4,2017-08-02,Wet Basin,Reference,26.54,25.6,0.26,0.49,0.55,22.22,NoRain,0.0,22.409970617399303,0.606072574926688,81.58926542918259,0.9634666881917959,0.866971511803501,229717.907211527,0.0
4,5,E5,2017-08-02,Wet Basin,Reference,33.47,23.3,0.41,0.56,0.6,22.22,NoRain,0.0,-2.4195254041080094,0.00246957455635923,-65.0306603910841,0.21798691346036497,0.968063669911029,354229.262723436,0.0
5,6,O1,2017-08-02,Dry Basin,Basin,25.15,24.4,0.36,0.63,0.4,22.22,NoRain,0.0,2.7016701285323195,0.0191311059787681,-20.2143428238416,0.0305114196785696,0.9882274238687809,760168.5641755259,0.0
6,7,O2,2017-08-02,Dry Basin,Basin,28.46,23.9,0.03,0.6,0.47,22.22,NoRain,0.0,24.4586443153805,0.22970845405409301,-60.462081057575205,0.6502843096646971,0.994050100922623,588512.82866105,0.0
7,8,O3,2017-08-02,Dry Basin,Basin,26.11,23.5,0.14,0.54,0.48,22.22,NoRain,0.0,21.4661484686884,0.6335039101587709,1.9101957485479,0.000470461631509011,0.995040602103453,708123.374381755,0.0
8,9,O4,2017-08-02,Dry Basin,Reference,25.53,24.7,0.24,0.52,0.49,22.22,NoRain,0.0,2.8223695389667203,0.0129823183289647,66.33370740817911,0.9638947500849859,0.9964395612649091,690721.865604675,0.0
9,10,O5,2017-08-02,Dry Basin,Reference,27.07,22.7,0.06,0.53,0.51,22.22,NoRain,0.0,9.09178437226307,0.0753091056795069,-488.369580390005,0.662028188228069,0.949465135535386,432416.01662556204,0.0
0,1,E1,2017-08-12,Wet Basin,Basin,74.8817,21.3,0.52,0.728864225,,20.66666667,YesRain,20.8,18.2335703812676,0.4560947349101671,23817.5796053965,0.956547712000218,0.976864030762356,3685251.77464401,0.0
1,2,E2,2017-08-12,Wet Basin,Basin,44.8205,20.6,0.19,0.676936737,0.662107662,20.66666667,YesRain,20.8,3.7153479695173997,0.0147056935286615,6423.0919744968705,0.928195978147853,0.837391724293514,-2891754.07692931,0.0
2,3,E3,2017-08-12,Wet Basin,Basin,28.4574,22.8,0.25,0.887976323,0.320474761,20.66666667,YesRain,20.8,2.22842733059267,0.0166789332101846,291.6973539881,0.24988917557616602,0.10847605401371302,353594.595381836,0.0
3,4,E4,2017-08-12,Wet Basin,Reference,77.0137,21.8,2.07,0.48620051799999997,,20.66666667,YesRain,20.8,59.8861868763173,0.7112500249439759,43.58197231021979,0.0119951580063846,0.99218204139404,14570416.1927134,0.0
4,5,E5,2017-08-12,Wet Basin,Reference,51.3764,23.3,0.52,0.562160562,0.9139097159999999,20.66666667,YesRain,20.8,12.872921423701198,0.14083371919932502,101.728952527318,0.047419265173899994,0.939156557247966,8639997.45279853,0.0
5,6,O1,2017-08-12,Dry Basin,Basin,34.427,25.3,0.2,0.627598964,0.548550937,20.66666667,YesRain,20.8,40.289316172663604,0.6953586785357561,-12.480944946446199,0.0140043870981496,0.9581268869902049,9618090.46384263,0.0
6,7,O2,2017-08-12,Dry Basin,Basin,35.9727,24.9,0.15,0.600147984,0.599397165,20.66666667,YesRain,20.8,14.5998860489025,0.08241856225972001,-108.72941900569799,0.26343843171935,0.994281751710448,6467797.135765799,0.0
7,8,O3,2017-08-12,Dry Basin,Basin,34.427,25.0,0.65,0.54036256,0.6371092770000001,20.66666667,YesRain,20.8,-18.200932770185197,0.536436923080281,192.878516468607,0.5615719410349189,0.9940224204103921,8164184.41563375,0.0
8,9,O4,2017-08-12,Dry Basin,Reference,27.2848,24.1,0.16,0.5205771370000001,0.524125976,20.66666667,YesRain,20.8,0.6202085182679251,0.000385412861760433,-19.522633899232897,0.0590455713227827,0.9204292419622171,8079389.87632002,0.0
9,10,O5,2017-08-12,Dry Basin,Reference,30.3762,23.1,0.1,0.527783944,0.575542329,20.66666667,YesRain,20.8,-9.3833280552165,0.230949486022412,-96.86671831565491,0.23640508630417198,0.9445447023531508,6473332.85223438,0.0
0,1,E1,2017-08-15,Wet Basin,Basin,72.3766,21.2,0.05,0.728864225,0.993005247,19.16666667,NoRain,0.0,9.69905373737365,0.4121461621416239,30880.803223633502,0.698019942165935,0.970730565537441,581669.368719285,20.828000000000003
1,2,E2,2017-08-15,Wet Basin,Basin,33.8407,21.2,0.04,0.676936737,0.499909344,19.16666667,NoRain,0.0,17.7076782789042,0.266795195263014,61.004186265175505,0.28603135877976504,0.9783023352883381,531986.061414337,20.828000000000003
2,3,E3,2017-08-15,Wet Basin,Basin,75.2548,21.8,2.01,0.887976323,0.847486561,19.16666667,NoRain,0.0,64.16085749799579,0.8080451102613511,1260.7596297707198,0.507761671472966,0.9949575476867328,331921.086967335,20.828000000000003
3,4,E4,2017-08-15,Wet Basin,Reference,25.7391,23.5,0.15,0.48620051799999997,0.52939269,19.16666667,NoRain,0.0,24.609033001451202,0.589043094156249,-18.299436439632498,0.0290412183463407,0.970984012829439,427978.314014896,20.828000000000003
4,5,E5,2017-08-15,Wet Basin,Reference,43.488,22.8,0.54,0.562160562,0.773586817,19.16666667,NoRain,0.0,-3.6816960377310894,0.016265665137868,-293.96458511636797,0.566296429984224,0.9868975445812559,656101.03433261,20.828000000000003
5,6,O1,2017-08-15,Dry Basin,Basin,29.7899,24.0,0.26,0.627598964,0.47466458200000006,19.16666667,NoRain,0.0,55.222867611152104,0.9841295822519849,-660.935401197582,0.751323724670604,0.9948745222683159,791569.296289184,20.828000000000003
6,7,O2,2017-08-15,Dry Basin,Basin,31.3356,23.7,0.25,0.600147984,0.5221312220000001,19.16666667,NoRain,0.0,52.0877857165074,0.7795306215187131,-334.61440618645304,0.804318480581817,0.964854000104436,445733.48862277705,20.828000000000003
7,8,O3,2017-08-15,Dry Basin,Basin,28.8305,24.7,0.05,0.54036256,0.533539925,19.16666667,NoRain,0.0,13.8272235741121,0.9233664502436351,-214.644628830242,0.8988697984548121,0.96874371757982,676603.799060149,20.828000000000003
8,9,O4,2017-08-15,Dry Basin,Reference,23.0208,25.9,0.17,0.5205771370000001,0.44221688600000003,19.16666667,NoRain,0.0,-61.2763169381196,0.708028882478282,24.8107945440097,0.0394164129639663,0.93290296235839,541755.5658687829,20.828000000000003
9,10,O5,2017-08-15,Dry Basin,Reference,25.7391,24.3,0.16,0.527783944,0.487682513,19.16666667,NoRain,0.0,29.6649919382442,0.382665978815958,-8.032185802282749,0.0101594845736995,0.8768892828665429,313342.710280589,20.828000000000003
0,1,E1,2017-08-23,Wet Basin,Basin,66.6202,20.7,1.34,0.728864225,0.91,16.38888889,YesRain,8.5,44.8664965838702,0.949232133398899,,0.870991237283603,0.968007553460284,322630.016598733,11.684000000000001
1,2,E2,2017-08-23,Wet Basin,Basin,41.1428,20.2,0.24,0.676936737,0.61,16.38888889,YesRain,8.5,-2.4518518544035497,0.0048689196428130296,473.65537560556197,0.9435376855750279,0.969847586573098,176286.748999054,11.684000000000001
2,3,E3,2017-08-23,Wet Basin,Basin,70.4578,20.4,2.25,0.887976323,0.79,16.38888889,YesRain,8.5,50.70422297917211,0.575615004484473,14255.563513982199,0.939444576676624,0.976288163000642,311946.10014470003,11.684000000000001
3,4,E4,2017-08-23,Wet Basin,Reference,29.7899,20.1,0.18,0.48620051799999997,0.61,16.38888889,YesRain,8.5,-39.119314606705,0.5240489915230879,118.035055919043,0.47873567125145206,0.997940570161463,480199.06786549295,11.684000000000001
4,5,E5,2017-08-23,Wet Basin,Reference,,,,0.562160562,,16.38888889,YesRain,8.5,-8.4412731243072,0.0657171187204127,58.13213530893889,0.551686093318082,0.8934070578312808,84499.7452737162,11.684000000000001
5,6,O1,2017-08-23,Dry Basin,Basin,30.7493,22.5,0.21,0.627598964,0.49,16.38888889,YesRain,8.5,105.881242715699,0.817748465595143,21.7182308371322,0.9627234266887019,0.996376114340249,538473.902002963,11.684000000000001
6,7,O2,2017-08-23,Dry Basin,Basin,34.5869,22.5,0.19,0.600147984,0.58,16.38888889,YesRain,8.5,-11.2656000501441,0.7772416443464599,20.3376260842265,0.0916035935174447,0.979162582858792,437990.934464268,11.684000000000001
7,8,O3,2017-08-23,Dry Basin,Basin,34.8001,22.2,0.09,0.54036256,0.64,16.38888889,YesRain,8.5,7.02108084115403,0.0303454685495687,-9.56576708825619,0.0513028219642934,0.977850032898626,452013.11987561797,11.684000000000001
8,9,O4,2017-08-23,Dry Basin,Reference,25.9523,21.8,0.04,0.5205771370000001,0.5,16.38888889,YesRain,8.5,-22.168245766633703,0.135905214155828,119.470845676262,0.8608371006823801,0.9338494736532159,258377.705823275,11.684000000000001
9,10,O5,2017-08-23,Dry Basin,Reference,27.8711,21.1,0.16,0.527783944,0.53,16.38888889,YesRain,8.5,-15.134856153001001,0.234703085887789,-90.09352936065879,0.941310923109765,0.993522853039635,528175.0681811611,11.684000000000001
0,1,E1,2017-09-13,Wet Basin,Basin,72.0035,16.0,0.91,0.728864225,0.99,16.94444444,NoRain,0.0,19.304991002656898,0.161774246600302,21656.6875864567,0.933747124101771,0.9975974789869709,293184.072474067,0.0
1,2,E2,2017-09-13,Wet Basin,Basin,30.163,16.8,0.18,0.676936737,0.45,16.94444444,NoRain,0.0,31.4635152698871,0.555206067517217,211.99136378749802,0.5104927387900801,0.9945609917295021,231768.373900173,0.0
2,3,E3,2017-09-13,Wet Basin,Basin,65.6075,16.4,1.8,0.887976323,0.74,16.94444444,NoRain,0.0,4.33133607761956,0.0216317386787689,908.9024246957209,0.992982072564206,0.9899450316717701,255825.905143678,0.0
3,4,E4,2017-09-13,Wet Basin,Reference,27.6579,18.0,0.17,0.48620051799999997,0.57,16.94444444,NoRain,0.0,-18.188437166864702,0.0365577524987342,184.28444681048302,0.7564480166511759,0.9955247432010742,647147.961867757,0.0
4,5,E5,2017-09-13,Wet Basin,Reference,35.3864,17.8,0.59,0.562160562,0.63,16.94444444,NoRain,0.0,33.913646495551895,0.289483807685535,-92.04041590269009,0.538318195568382,0.9958174778677109,650599.885633448,0.0
5,6,O1,2017-09-13,Dry Basin,Basin,27.8711,20.0,0.2,0.627598964,0.44,16.94444444,NoRain,0.0,81.4586348031513,0.7717807576581881,-108.961099919412,0.885015770543827,0.977098877967578,483196.31614965794,0.0
6,7,O2,2017-09-13,Dry Basin,Basin,30.7493,18.5,0.24,0.600147984,0.51,16.94444444,NoRain,0.0,106.880192273137,0.9609706909802092,86.9217006179031,0.7448740167371241,0.968858114449793,262809.44127127,0.0
7,8,O3,2017-09-13,Dry Basin,Basin,28.6173,20.7,0.18,0.54036256,0.53,16.94444444,NoRain,0.0,-39.5761757735391,0.826465190140287,-47.1905871543085,0.266243618729582,0.999036300350772,578323.2096299629,0.0
8,9,O4,2017-09-13,Dry Basin,Reference,25.366,20.0,0.13,0.5205771370000001,0.49,16.94444444,NoRain,0.0,43.243753704078706,0.299296943890876,-36.839837269201496,0.141698838294186,0.997184582160963,564449.818928408,0.0
9,10,O5,2017-09-13,Dry Basin,Reference,26.3254,18.8,0.1,0.527783944,0.5,16.94444444,NoRain,0.0,-11.1951603156152,0.0697672685026738,-94.8807690925942,0.732385570846342,0.997585103113486,497379.672665926,0.0
0,1,E1,2017-09-24,Wet Basin,Basin,61.98,19.0,0.9,0.728864225,0.85,21.94444444,NoRain,0.0,70.5652360057581,0.9261529748150341,23695.8625808081,0.9366140108179059,0.9588455448179871,184565.345299515,0.0
1,2,E2,2017-09-24,Wet Basin,Basin,25.74,18.4,0.28,0.676936737,0.38,21.94444444,NoRain,0.0,-7.78412090082303,0.024042753801715,300.782619545298,0.7309002279633521,0.945234002404978,150848.197196024,0.0
2,3,E3,2017-09-24,Wet Basin,Basin,71.04,18.4,1.2,0.887976323,0.8,21.94444444,NoRain,0.0,8.81205433020863,0.0184235130844983,1967.7828705720399,0.902273108568513,0.910575269717277,376820.00432310294,0.0
3,4,E4,2017-09-24,Wet Basin,Reference,26.11,18.6,0.09,0.48620051799999997,0.54,21.94444444,NoRain,0.0,-11.5837219214685,0.0285456519549637,150.979895637364,0.980641161505729,0.905705921215582,170376.31599358,0.0
4,5,E5,2017-09-24,Wet Basin,Reference,27.87,19.1,0.37,0.562160562,0.5,21.94444444,NoRain,0.0,23.6105901602564,0.711624479972011,-92.5098432785768,0.453458854152731,0.9967402846791249,269867.592366215,0.0
5,6,O1,2017-09-24,Dry Basin,Basin,25.53,19.9,0.11,0.627598964,0.41,21.94444444,NoRain,0.0,22.159183094726302,0.706658233816638,87.43221588984949,0.20605498174856499,0.77600001078787,-108795.31210971401,0.0
6,7,O2,2017-09-24,Dry Basin,Basin,25.37,19.6,0.14,0.600147984,0.42,21.94444444,NoRain,0.0,80.9128309513612,0.9449638800610409,-17.895630747539503,0.0133462767071067,0.998315339617994,420864.268541117,0.0
7,8,O3,2017-09-24,Dry Basin,Basin,23.45,19.8,0.12,0.54036256,0.43,21.94444444,NoRain,0.0,21.2113933300089,0.509445994103444,19.4272955004771,0.0780314950859089,0.9058553004613121,308177.88028683397,0.0
8,9,O4,2017-09-24,Dry Basin,Reference,22.06,21.7,0.05,0.5205771370000001,0.42,21.94444444,NoRain,0.0,,0.23288116968259195,,0.0215908453239043,0.291612079899454,,0.0
9,10,O5,2017-09-24,Dry Basin,Reference,22.49,21.4,0.13,0.527783944,0.43,21.94444444,NoRain,0.0,9.44631578554592,0.115702725039218,27.946814113369303,0.0381378377949529,0.9883503576865721,150437.560314335,0.0
0,1,E1,2017-10-28,Wet Basin,Basin,62.7293,12.4,0.65,0.728864225,0.860644519,8.888888889,NoRain,0.0,83.96639328433099,0.7035726260403911,5489.09685566245,0.9720388752596291,0.39672590749807296,87802.4440829385,7.8740000000000006
1,2,E2,2017-10-28,Wet Basin,Basin,31.5488,12.5,0.06,0.676936737,0.46605241299999994,8.888888889,NoRain,0.0,-160.346831662344,0.61410363315151,74.5819299084347,0.190433792334638,0.9769099476789929,-188352.385853925,7.8740000000000006
2,3,E3,2017-10-28,Wet Basin,Basin,66.6202,12.0,1.27,0.887976323,0.750247482,8.888888889,NoRain,0.0,-6.75050190337949,0.0152879008156,178.88738521288602,0.48785630156182797,0.985008648938032,-146645.16546442301,7.8740000000000006
3,4,E4,2017-10-28,Wet Basin,Reference,25.7391,13.4,0.15,0.48620051799999997,0.52939269,8.888888889,NoRain,0.0,-41.7220483020767,0.777271496271823,-18.2250448240756,0.0963709070017048,0.0477642435667152,-13260.693707606899,7.8740000000000006
4,5,E5,2017-10-28,Wet Basin,Reference,36.3458,13.8,0.33,0.562160562,0.646537705,8.888888889,NoRain,0.0,-71.1079964221632,0.511798756372562,18.2026108702112,0.0111804335372105,0.904125212105685,84207.9883285001,7.8740000000000006
5,6,O1,2017-10-28,Dry Basin,Basin,35.0133,14.4,0.01,0.627598964,0.55789289,8.888888889,NoRain,0.0,-69.4024791028816,0.5341669681681961,-23.323906835093897,0.412185506893865,0.8416535135220901,59517.423022638795,7.8740000000000006
6,7,O2,2017-10-28,Dry Basin,Basin,32.6681,13.5,0.16,0.600147984,0.544334079,8.888888889,NoRain,0.0,64.3258944876559,0.5922153421001459,-48.9938052842984,0.15746946304012102,0.9386368893864221,200253.878986297,7.8740000000000006
7,8,O3,2017-10-28,Dry Basin,Basin,32.8813,13.4,0.01,0.54036256,0.6085044079999999,8.888888889,NoRain,0.0,275.954694569804,0.8192862906775409,56.2288343618375,0.221714843890482,0.937285205456782,186361.286675857,7.8740000000000006
8,9,O4,2017-10-28,Dry Basin,Reference,28.031,13.8,0.01,0.5205771370000001,0.538460067,8.888888889,NoRain,0.0,5.93447805563216,0.00508236045522354,-268.071017327205,0.9663220216908109,0.996209048978555,487509.04900127795,7.8740000000000006
9,10,O5,2017-10-28,Dry Basin,Reference,27.2848,13.8,0.01,0.527783944,0.516969118,8.888888889,NoRain,0.0,-8.88413279126019,0.134195525908609,40.9652697537045,0.0630931178948877,0.9968927619916821,189238.343892124,7.8740000000000006
